<application>
  <component name="CodeInsightSettings">
    <option name="AUTO_POPUP_PARAMETER_INFO" value="false" />
    <option name="PARAMETER_INFO_DELAY" value="100" />
    <option name="SMART_INDENT_ON_ENTER" value="false" />
    <option name="INSERT_BRACE_ON_ENTER" value="false" />
    <option name="AUTOINSERT_PAIR_BRACKET" value="false" />
    <option name="AUTOINSERT_PAIR_QUOTE" value="false" />
    <option name="REFORMAT_BLOCK_ON_RBRACE" value="false" />
    <option name="REFORMAT_ON_PASTE" value="1" />
  </component>
  <component name="DefaultFont">
    <option name="FONT_SIZE" value="25" />
    <option name="FONT_FAMILY" value="Hack" />
  </component>
</application>